# ************************************************************
# Sequel Pro SQL dump
# Version 4541
#
# http://www.sequelpro.com/
# https://github.com/sequelpro/sequelpro
#
# Host: 127.0.0.1 (MySQL 5.5.42)
# Database: place borrow system
# Generation Time: 2016-06-08 14:05:34 +0000
# ************************************************************


/*!40101 SET @OLD_CHARACTER_SET_CLIENT=@@CHARACTER_SET_CLIENT */;
/*!40101 SET @OLD_CHARACTER_SET_RESULTS=@@CHARACTER_SET_RESULTS */;
/*!40101 SET @OLD_COLLATION_CONNECTION=@@COLLATION_CONNECTION */;
/*!40101 SET NAMES utf8 */;
/*!40014 SET @OLD_FOREIGN_KEY_CHECKS=@@FOREIGN_KEY_CHECKS, FOREIGN_KEY_CHECKS=0 */;
/*!40101 SET @OLD_SQL_MODE=@@SQL_MODE, SQL_MODE='NO_AUTO_VALUE_ON_ZERO' */;
/*!40111 SET @OLD_SQL_NOTES=@@SQL_NOTES, SQL_NOTES=0 */;


# Dump of table Administrator_T
# ------------------------------------------------------------

DROP TABLE IF EXISTS `Administrator_T`;

CREATE TABLE `Administrator_T` (
  `A_ID` varchar(10) NOT NULL DEFAULT '',
  `A_Name` varchar(30) NOT NULL DEFAULT '',
  `Department` varchar(30) NOT NULL DEFAULT '',
  PRIMARY KEY (`A_ID`)
) ENGINE=InnoDB DEFAULT CHARSET=utf8;

LOCK TABLES `Administrator_T` WRITE;
/*!40000 ALTER TABLE `Administrator_T` DISABLE KEYS */;

INSERT INTO `Administrator_T` (`A_ID`, `A_Name`, `Department`)
VALUES
	('300300300','老師','學務處課外組');

/*!40000 ALTER TABLE `Administrator_T` ENABLE KEYS */;
UNLOCK TABLES;


# Dump of table EmployeeUser_T
# ------------------------------------------------------------

DROP TABLE IF EXISTS `EmployeeUser_T`;

CREATE TABLE `EmployeeUser_T` (
  `E_User_ID` varchar(9) NOT NULL DEFAULT '',
  PRIMARY KEY (`E_User_ID`),
  CONSTRAINT `employeeuser_t_ibfk_1` FOREIGN KEY (`E_User_ID`) REFERENCES `User_T` (`User_ID`) ON DELETE CASCADE ON UPDATE CASCADE
) ENGINE=InnoDB DEFAULT CHARSET=utf8;



# Dump of table Facility_T
# ------------------------------------------------------------

DROP TABLE IF EXISTS `Facility_T`;

CREATE TABLE `Facility_T` (
  `F_ID` varchar(6) NOT NULL DEFAULT '',
  `F_B_Number` varchar(6) NOT NULL DEFAULT '',
  `F_R_Number` varchar(6) NOT NULL DEFAULT '',
  `F_NAME` varchar(30) NOT NULL DEFAULT '',
  `F_Level` varchar(20) NOT NULL DEFAULT '',
  `Capacity` varchar(4) NOT NULL DEFAULT '',
  `Management_Unit` varchar(30) NOT NULL DEFAULT '',
  `Maintainer_ID` varchar(10) DEFAULT '',
  PRIMARY KEY (`F_ID`),
  KEY `Maintainer_ID` (`Maintainer_ID`),
  CONSTRAINT `facility_t_ibfk_1` FOREIGN KEY (`Maintainer_ID`) REFERENCES `Administrator_T` (`A_ID`)
) ENGINE=InnoDB DEFAULT CHARSET=utf8;

LOCK TABLES `Facility_T` WRITE;
/*!40000 ALTER TABLE `Facility_T` DISABLE KEYS */;

INSERT INTO `Facility_T` (`F_ID`, `F_B_Number`, `F_R_Number`, `F_NAME`, `F_Level`, `Capacity`, `Management_Unit`, `Maintainer_ID`)
VALUES
	('215','270','101','綜合270101','65','C','總務處事務組','300300300'),
	('216','270','102','綜合270102','65','C','總務處事務組','300300300'),
	('217','270','103','綜合270103','76','C','總務處事務組','300300300'),
	('218','270','104','綜合270104','76','C','總務處事務組','300300300');

/*!40000 ALTER TABLE `Facility_T` ENABLE KEYS */;
UNLOCK TABLES;


# Dump of table FacilityTime_T
# ------------------------------------------------------------

DROP TABLE IF EXISTS `FacilityTime_T`;

CREATE TABLE `FacilityTime_T` (
  `F_ID` varchar(25) NOT NULL DEFAULT '',
  `Time` datetime NOT NULL,
  `Available` int(1) DEFAULT NULL,
  KEY `2` (`Time`)
) ENGINE=InnoDB DEFAULT CHARSET=utf8;

LOCK TABLES `FacilityTime_T` WRITE;
/*!40000 ALTER TABLE `FacilityTime_T` DISABLE KEYS */;

INSERT INTO `FacilityTime_T` (`F_ID`, `Time`, `Available`)
VALUES
	('215','2016-06-09 01:00:00',0),
	('215','2016-06-09 02:00:00',0),
	('215','2016-06-09 03:00:00',0),
	('215','2016-06-09 04:00:00',0),
	('215','2016-06-09 05:00:00',0),
	('215','2016-06-09 06:00:00',0),
	('215','2016-06-09 07:00:00',0),
	('215','2016-06-09 08:00:00',0),
	('215','2016-06-09 09:00:00',0),
	('215','2016-06-09 10:00:00',0),
	('215','2016-06-09 11:00:00',0),
	('215','2016-06-09 12:00:00',0),
	('215','2016-06-09 13:00:00',0),
	('215','2016-06-09 14:00:00',0),
	('215','2016-06-09 15:00:00',0),
	('215','2016-06-09 16:00:00',0),
	('215','2016-06-09 17:00:00',0),
	('215','2016-06-09 18:00:00',0),
	('215','2016-06-09 19:00:00',0),
	('215','2016-06-09 20:00:00',0),
	('215','2016-06-09 21:00:00',0),
	('215','2016-06-09 22:00:00',0),
	('215','2016-06-09 23:00:00',0),
	('215','2016-06-10 00:00:00',0),
	('215','2016-06-10 01:00:00',0),
	('215','2016-06-10 02:00:00',0),
	('215','2016-06-10 03:00:00',0),
	('215','2016-06-10 04:00:00',0),
	('215','2016-06-10 05:00:00',0),
	('215','2016-06-10 06:00:00',0),
	('215','2016-06-10 07:00:00',0),
	('215','2016-06-10 08:00:00',0),
	('215','2016-06-10 09:00:00',0),
	('215','2016-06-10 10:00:00',0),
	('215','2016-06-10 11:00:00',0),
	('215','2016-06-10 12:00:00',0),
	('215','2016-06-10 13:00:00',0),
	('215','2016-06-10 14:00:00',0),
	('215','2016-06-10 15:00:00',0),
	('215','2016-06-10 16:00:00',0),
	('215','2016-06-10 17:00:00',0),
	('215','2016-06-10 18:00:00',0),
	('215','2016-06-10 19:00:00',0),
	('215','2016-06-10 20:00:00',0),
	('215','2016-06-10 21:00:00',0),
	('215','2016-06-10 22:00:00',0),
	('215','2016-06-10 23:00:00',0),
	('215','2016-06-11 00:00:00',0),
	('215','2016-06-11 01:00:00',0),
	('215','2016-06-11 02:00:00',0),
	('215','2016-06-11 03:00:00',0),
	('215','2016-06-11 04:00:00',0),
	('215','2016-06-11 05:00:00',0),
	('215','2016-06-11 06:00:00',0),
	('215','2016-06-11 07:00:00',0),
	('215','2016-06-11 08:00:00',0),
	('215','2016-06-11 09:00:00',0),
	('215','2016-06-11 10:00:00',0),
	('215','2016-06-11 11:00:00',0),
	('215','2016-06-11 12:00:00',0),
	('215','2016-06-11 13:00:00',0),
	('215','2016-06-11 14:00:00',0),
	('215','2016-06-11 15:00:00',0),
	('215','2016-06-11 16:00:00',0),
	('215','2016-06-11 17:00:00',0),
	('215','2016-06-11 18:00:00',0),
	('215','2016-06-11 19:00:00',0),
	('215','2016-06-11 20:00:00',0),
	('215','2016-06-11 21:00:00',0),
	('215','2016-06-11 22:00:00',0),
	('215','2016-06-11 23:00:00',0),
	('216','2016-06-09 00:00:00',0),
	('216','2016-06-09 01:00:00',0),
	('216','2016-06-09 02:00:00',0),
	('216','2016-06-09 03:00:00',0),
	('216','2016-06-09 04:00:00',0),
	('216','2016-06-09 05:00:00',0),
	('216','2016-06-09 06:00:00',0),
	('216','2016-06-09 07:00:00',0),
	('216','2016-06-09 08:00:00',0),
	('216','2016-06-09 09:00:00',0),
	('216','2016-06-09 10:00:00',0),
	('216','2016-06-09 11:00:00',0),
	('216','2016-06-09 12:00:00',0),
	('216','2016-06-09 13:00:00',0),
	('216','2016-06-09 14:00:00',0),
	('216','2016-06-09 15:00:00',0),
	('216','2016-06-09 16:00:00',0),
	('216','2016-06-09 17:00:00',0),
	('216','2016-06-09 18:00:00',0),
	('216','2016-06-09 19:00:00',0),
	('216','2016-06-09 20:00:00',0),
	('216','2016-06-09 21:00:00',0),
	('216','2016-06-09 22:00:00',0),
	('216','2016-06-09 23:00:00',0),
	('216','2016-06-10 00:00:00',0),
	('216','2016-06-10 01:00:00',0),
	('216','2016-06-10 02:00:00',0),
	('216','2016-06-10 03:00:00',0),
	('216','2016-06-10 04:00:00',0),
	('216','2016-06-10 05:00:00',0),
	('216','2016-06-10 06:00:00',0),
	('216','2016-06-10 07:00:00',0),
	('216','2016-06-10 08:00:00',0),
	('216','2016-06-10 09:00:00',0),
	('216','2016-06-10 10:00:00',0),
	('216','2016-06-10 11:00:00',0),
	('216','2016-06-10 12:00:00',0),
	('216','2016-06-10 13:00:00',0),
	('216','2016-06-10 14:00:00',0),
	('216','2016-06-10 15:00:00',0),
	('216','2016-06-10 16:00:00',0),
	('216','2016-06-10 17:00:00',0),
	('216','2016-06-10 18:00:00',0),
	('216','2016-06-10 19:00:00',0),
	('216','2016-06-10 20:00:00',0),
	('216','2016-06-10 21:00:00',0),
	('216','2016-06-10 22:00:00',0),
	('216','2016-06-10 23:00:00',0),
	('216','2016-06-11 00:00:00',0),
	('216','2016-06-11 01:00:00',0),
	('216','2016-06-11 02:00:00',0),
	('216','2016-06-11 03:00:00',0),
	('216','2016-06-11 04:00:00',0),
	('216','2016-06-11 05:00:00',0),
	('216','2016-06-11 06:00:00',0),
	('216','2016-06-11 07:00:00',0),
	('216','2016-06-11 08:00:00',0),
	('216','2016-06-11 09:00:00',0),
	('216','2016-06-11 10:00:00',0),
	('216','2016-06-11 11:00:00',0),
	('216','2016-06-11 12:00:00',0),
	('216','2016-06-11 13:00:00',0),
	('216','2016-06-11 14:00:00',0),
	('216','2016-06-11 15:00:00',0),
	('216','2016-06-11 16:00:00',0),
	('216','2016-06-11 17:00:00',0),
	('216','2016-06-11 18:00:00',0),
	('216','2016-06-11 19:00:00',0),
	('216','2016-06-11 20:00:00',0),
	('216','2016-06-11 21:00:00',0),
	('216','2016-06-11 22:00:00',0),
	('216','2016-06-11 23:00:00',0),
	('217','2016-06-09 00:00:00',0),
	('217','2016-06-09 01:00:00',0),
	('217','2016-06-09 02:00:00',0),
	('217','2016-06-09 03:00:00',0),
	('217','2016-06-09 04:00:00',0),
	('217','2016-06-09 05:00:00',0),
	('217','2016-06-09 06:00:00',0),
	('217','2016-06-09 07:00:00',0),
	('217','2016-06-09 08:00:00',0),
	('217','2016-06-09 09:00:00',0),
	('217','2016-06-09 10:00:00',0),
	('217','2016-06-09 11:00:00',0),
	('217','2016-06-09 12:00:00',0),
	('217','2016-06-09 13:00:00',0),
	('217','2016-06-09 14:00:00',0),
	('217','2016-06-09 15:00:00',0),
	('217','2016-06-09 16:00:00',0),
	('217','2016-06-09 17:00:00',0),
	('217','2016-06-09 18:00:00',0),
	('217','2016-06-09 19:00:00',0),
	('217','2016-06-09 20:00:00',0),
	('217','2016-06-09 21:00:00',0),
	('217','2016-06-09 22:00:00',0),
	('217','2016-06-09 23:00:00',0),
	('217','2016-06-10 00:00:00',0),
	('217','2016-06-10 01:00:00',0),
	('217','2016-06-10 02:00:00',0),
	('217','2016-06-10 03:00:00',0),
	('217','2016-06-10 04:00:00',0),
	('217','2016-06-10 05:00:00',0),
	('217','2016-06-10 06:00:00',0),
	('217','2016-06-10 07:00:00',0),
	('217','2016-06-10 08:00:00',0),
	('217','2016-06-10 09:00:00',0),
	('217','2016-06-10 10:00:00',0),
	('217','2016-06-10 11:00:00',0),
	('217','2016-06-10 12:00:00',0),
	('217','2016-06-10 13:00:00',0),
	('217','2016-06-10 14:00:00',0),
	('217','2016-06-10 15:00:00',0),
	('217','2016-06-10 16:00:00',0),
	('217','2016-06-10 17:00:00',0),
	('217','2016-06-10 18:00:00',0),
	('217','2016-06-10 19:00:00',0),
	('217','2016-06-10 20:00:00',0),
	('217','2016-06-10 21:00:00',0),
	('217','2016-06-10 22:00:00',0),
	('217','2016-06-10 23:00:00',0),
	('217','2016-06-11 00:00:00',0),
	('217','2016-06-11 01:00:00',0),
	('217','2016-06-11 02:00:00',0),
	('217','2016-06-11 03:00:00',0),
	('217','2016-06-11 04:00:00',0),
	('217','2016-06-11 05:00:00',0),
	('217','2016-06-11 06:00:00',0),
	('217','2016-06-11 07:00:00',0),
	('217','2016-06-11 08:00:00',0),
	('217','2016-06-11 09:00:00',0),
	('217','2016-06-11 10:00:00',0),
	('217','2016-06-11 11:00:00',0),
	('217','2016-06-11 12:00:00',0),
	('217','2016-06-11 13:00:00',0),
	('217','2016-06-11 14:00:00',0),
	('217','2016-06-11 15:00:00',0),
	('217','2016-06-11 16:00:00',0),
	('217','2016-06-11 17:00:00',0),
	('217','2016-06-11 18:00:00',0),
	('217','2016-06-11 19:00:00',0),
	('217','2016-06-11 20:00:00',0),
	('217','2016-06-11 21:00:00',0),
	('217','2016-06-11 22:00:00',0),
	('217','2016-06-11 23:00:00',0),
	('218','2016-06-09 00:00:00',0),
	('218','2016-06-09 01:00:00',0),
	('218','2016-06-09 02:00:00',0),
	('218','2016-06-09 03:00:00',0),
	('218','2016-06-09 04:00:00',0),
	('218','2016-06-09 05:00:00',0),
	('218','2016-06-09 06:00:00',0),
	('218','2016-06-09 07:00:00',0),
	('218','2016-06-09 08:00:00',0),
	('218','2016-06-09 09:00:00',0),
	('218','2016-06-09 10:00:00',0),
	('218','2016-06-09 11:00:00',0),
	('218','2016-06-09 12:00:00',0),
	('218','2016-06-09 13:00:00',0),
	('218','2016-06-09 14:00:00',0),
	('218','2016-06-09 15:00:00',0),
	('218','2016-06-09 16:00:00',0),
	('218','2016-06-09 17:00:00',0),
	('218','2016-06-09 18:00:00',0),
	('218','2016-06-09 19:00:00',0),
	('218','2016-06-09 20:00:00',0),
	('218','2016-06-09 21:00:00',0),
	('218','2016-06-09 22:00:00',0),
	('218','2016-06-09 23:00:00',0),
	('218','2016-06-10 00:00:00',0),
	('218','2016-06-10 01:00:00',0),
	('218','2016-06-10 02:00:00',0),
	('218','2016-06-10 03:00:00',0),
	('218','2016-06-10 04:00:00',0),
	('218','2016-06-10 05:00:00',0),
	('218','2016-06-10 06:00:00',0),
	('218','2016-06-10 07:00:00',0),
	('218','2016-06-10 08:00:00',0),
	('218','2016-06-10 09:00:00',0),
	('218','2016-06-10 10:00:00',0),
	('218','2016-06-10 11:00:00',0),
	('218','2016-06-10 12:00:00',0),
	('218','2016-06-10 13:00:00',0),
	('218','2016-06-10 14:00:00',0),
	('218','2016-06-10 15:00:00',0),
	('218','2016-06-10 16:00:00',0),
	('218','2016-06-10 17:00:00',0),
	('218','2016-06-10 18:00:00',0),
	('218','2016-06-10 19:00:00',0),
	('218','2016-06-10 20:00:00',0),
	('218','2016-06-10 21:00:00',0),
	('218','2016-06-10 22:00:00',0),
	('218','2016-06-10 23:00:00',0),
	('218','2016-06-11 00:00:00',0),
	('218','2016-06-11 01:00:00',0),
	('218','2016-06-11 02:00:00',0),
	('218','2016-06-11 03:00:00',0),
	('218','2016-06-11 04:00:00',0),
	('218','2016-06-11 05:00:00',0),
	('218','2016-06-11 06:00:00',0),
	('218','2016-06-11 07:00:00',0),
	('218','2016-06-11 08:00:00',0),
	('218','2016-06-11 09:00:00',0),
	('218','2016-06-11 10:00:00',0),
	('218','2016-06-11 11:00:00',0),
	('218','2016-06-11 12:00:00',0),
	('218','2016-06-11 13:00:00',0),
	('218','2016-06-11 14:00:00',0),
	('218','2016-06-11 15:00:00',0),
	('218','2016-06-11 16:00:00',0),
	('218','2016-06-11 17:00:00',0),
	('218','2016-06-11 18:00:00',0),
	('218','2016-06-11 19:00:00',0),
	('218','2016-06-11 20:00:00',0),
	('218','2016-06-11 21:00:00',0),
	('218','2016-06-11 22:00:00',0),
	('218','2016-06-11 23:00:00',0);

/*!40000 ALTER TABLE `FacilityTime_T` ENABLE KEYS */;
UNLOCK TABLES;


# Dump of table FacilityUsed_T
# ------------------------------------------------------------

DROP TABLE IF EXISTS `FacilityUsed_T`;

CREATE TABLE `FacilityUsed_T` (
  `FA_Number` varchar(20) NOT NULL DEFAULT '',
  `User_ID` varchar(9) NOT NULL DEFAULT '',
  `F_ID` varchar(6) NOT NULL DEFAULT '',
  `Borrowing_Unit` varchar(30) NOT NULL DEFAULT '',
  `Email` varchar(40) NOT NULL DEFAULT '',
  `Phone` varchar(10) NOT NULL DEFAULT '',
  PRIMARY KEY (`FA_Number`,`User_ID`,`F_ID`),
  KEY `User_ID` (`User_ID`),
  KEY `F_ID` (`F_ID`),
  CONSTRAINT `facilityused_t_ibfk_1` FOREIGN KEY (`User_ID`) REFERENCES `User_T` (`User_ID`),
  CONSTRAINT `facilityused_t_ibfk_2` FOREIGN KEY (`F_ID`) REFERENCES `Facility_T` (`F_ID`)
) ENGINE=InnoDB DEFAULT CHARSET=utf8;



# Dump of table FacilityUsedTime_T
# ------------------------------------------------------------

DROP TABLE IF EXISTS `FacilityUsedTime_T`;

CREATE TABLE `FacilityUsedTime_T` (
  `FA_Number` varchar(20) NOT NULL DEFAULT '',
  `F_ID` varchar(6) NOT NULL DEFAULT '',
  `Time` datetime DEFAULT NULL,
  PRIMARY KEY (`FA_Number`),
  KEY `F_ID` (`F_ID`),
  KEY `Time` (`Time`),
  CONSTRAINT `facilityusedtime_t_ibfk_3` FOREIGN KEY (`Time`) REFERENCES `FacilityTime_T` (`Time`),
  CONSTRAINT `facilityusedtime_t_ibfk_1` FOREIGN KEY (`FA_Number`) REFERENCES `FacilityUsed_T` (`FA_Number`) ON DELETE CASCADE,
  CONSTRAINT `facilityusedtime_t_ibfk_2` FOREIGN KEY (`F_ID`) REFERENCES `FacilityUsed_T` (`F_ID`)
) ENGINE=InnoDB DEFAULT CHARSET=utf8;



# Dump of table StudentUser_T
# ------------------------------------------------------------

DROP TABLE IF EXISTS `StudentUser_T`;

CREATE TABLE `StudentUser_T` (
  `S_USER_ID` varchar(9) NOT NULL DEFAULT '',
  `Qualified` date DEFAULT NULL,
  PRIMARY KEY (`S_USER_ID`),
  CONSTRAINT `studentuser_t_ibfk_1` FOREIGN KEY (`S_USER_ID`) REFERENCES `User_T` (`User_ID`) ON DELETE CASCADE ON UPDATE CASCADE
) ENGINE=InnoDB DEFAULT CHARSET=utf8;

LOCK TABLES `StudentUser_T` WRITE;
/*!40000 ALTER TABLE `StudentUser_T` DISABLE KEYS */;

INSERT INTO `StudentUser_T` (`S_USER_ID`, `Qualified`)
VALUES
	('103306084','2015-09-20');

/*!40000 ALTER TABLE `StudentUser_T` ENABLE KEYS */;
UNLOCK TABLES;


# Dump of table User_T
# ------------------------------------------------------------

DROP TABLE IF EXISTS `User_T`;

CREATE TABLE `User_T` (
  `User_ID` varchar(9) NOT NULL DEFAULT '',
  `User_Name` varchar(30) NOT NULL DEFAULT '',
  `Department` varchar(30) NOT NULL DEFAULT '',
  `User_Type` varchar(10) NOT NULL DEFAULT '',
  `Password` varchar(30) NOT NULL DEFAULT '',
  PRIMARY KEY (`User_ID`)
) ENGINE=InnoDB DEFAULT CHARSET=utf8;

LOCK TABLES `User_T` WRITE;
/*!40000 ALTER TABLE `User_T` DISABLE KEYS */;

INSERT INTO `User_T` (`User_ID`, `User_Name`, `Department`, `User_Type`, `Password`)
VALUES
	('103306084','杜彥豪','資管系','S','103306084'),
	('300300300','老師','學務處事務組','E','300300300');

/*!40000 ALTER TABLE `User_T` ENABLE KEYS */;
UNLOCK TABLES;



/*!40111 SET SQL_NOTES=@OLD_SQL_NOTES */;
/*!40101 SET SQL_MODE=@OLD_SQL_MODE */;
/*!40014 SET FOREIGN_KEY_CHECKS=@OLD_FOREIGN_KEY_CHECKS */;
/*!40101 SET CHARACTER_SET_CLIENT=@OLD_CHARACTER_SET_CLIENT */;
/*!40101 SET CHARACTER_SET_RESULTS=@OLD_CHARACTER_SET_RESULTS */;
/*!40101 SET COLLATION_CONNECTION=@OLD_COLLATION_CONNECTION */;
